AssayNumber	Strain	TraitName	Replicate	Value
1	ECA344	Length	1	3
2	NIC65	Length	1	5
3	BRC20103	Length	1	7
4	QG4028	Length	1	2
5	QG2685	Length	1	4
6	XZ1207	Length	1	4
7	QG2689	Length	1	6
8	QG936	Length	1	10
9	ECA2614	Length	1	3
10	JU4080	Length	1	4
11	NIC1267	Length	1	5
12	JU2861	Length	1	6
13	BRC20102	Length	1	5
14	JU1041	Length	1	8
15	QG2669	Length	1	9
16	NIC301	Length	1	7
17	QG1107	Length	1	6
18	JU1561	Length	1	8
19	BRC20367	Length	1	4
20	NIC1138	Length	1	3
21	QG3043	Length	1	3
22	BRC20256	Length	1	7
23	QG1120	Length	1	4
24	BRC20541	Length	1	5
25	NIC83	Length	1	4
26	ECA2663	Length	1	5
27	VT847	Length	1	4
28	QG1151	Length	1	4
29	QG107	Length	1	5
30	QG767	Length	1	4
31	QG4210	Length	1	3
32	ED3096	Length	1	4
33	JU1468	Length	1	8
34	NIC186	Length	1	4
35	QG944	Length	1	16
36	JU1378	Length	1	5
37	BRC20499	Length	1	4
38	BRC20254	Length	1	5
39	JU1992	Length	1	5
40	QG4064	Length	1	4
41	NIC896	Length	1	4
42	JU2792	Length	1	7
43	JU1914	Length	1	3
44	NIC984	Length	1	5
45	JU1261	Length	1	8
46	NIC900	Length	1	5
47	NIC871	Length	1	5
48	NIC66	Length	1	6
49	NIC1663	Length	1	3
50	JU2590	Length	1	7
51	BRC20532	Length	1	4
52	NIC358	Length	1	5
53	TWN3077	Length	1	5
54	QG939	Length	1	15
55	QG773	Length	1	5
56	JU2618	Length	1	6
57	QG3866	Length	1	5
58	QG829	Length	1	5
59	QG948	Length	1	12
60	QG2731	Length	1	5
61	NIC1610	Length	1	6
62	JU2457	Length	1	6
63	QG4231	Length	1	4
64	QG3858	Length	1	4
65	QX1803	Length	1	5
66	ECA280	Length	1	7
67	QG803	Length	1	5
68	QG2666	Length	1	6
69	QG746	Length	1	4
70	NIC888	Length	1	4
71	ECA2493	Length	1	1
72	NIC863	Length	1	3
73	JU2164	Length	1	10
74	JU4099	Length	1	4
75	QG927	Length	1	14
76	QG2972	Length	1	11
77	QG2814	Length	1	7
78	NIC100	Length	1	4
79	ED3036	Length	1	8
80	NIC1485	Length	1	7
81	ECA1173	Length	1	8
82	NIC1394	Length	1	9
83	QG3879	Length	1	4
84	ECA1384	Length	1	5
85	QG587	Length	1	8
86	NIC902	Length	1	4
87	QG3931	Length	1	10
88	JU2531	Length	1	6
89	QG3003	Length	1	9
90	ECA1177	Length	1	5
91	BRC20081	Length	1	4
92	ECA1157	Length	1	2
93	NIC796	Length	1	5
94	QG3034	Length	1	10
95	NIC1661	Length	1	4
96	QG813	Length	1	4
97	NIC998	Length	1	6
98	EG6272	Length	1	3
99	QG2996	Length	1	9
100	QG859	Length	1	5
101	ECA2619	Length	1	7
102	QG826	Length	1	7
103	NIC1632	Length	1	4
104	NIC1220	Length	1	4
105	ECA1479	Length	1	4
106	JU4064	Length	1	8
107	MY945	Length	1	5
108	ECA1383	Length	1	5
109	QG949	Length	1	3
110	NIC169	Length	1	9
111	MY727	Length	1	5
112	QG2752	Length	1	5
113	NIC1296	Length	1	5
114	NIC510	Length	1	5
115	NIC22	Length	1	8
116	ECA2629	Length	1	5
117	JU1424	Length	1	4
118	NIC327	Length	1	6
119	ECA2667	Length	1	5
120	ECA1513	Length	1	6
121	ECA1477	Length	1	1
122	ECA2664	Length	1	6
123	JU2783	Length	1	8
124	NIC1048	Length	1	7
125	QG2621	Length	1	9
126	BRC20244	Length	1	6
127	QG995	Length	1	7
128	JU1564	Length	1	7
129	QG1109	Length	1	9
130	QG860	Length	1	5
131	GUN124	Length	1	11
132	QG4031	Length	1	3
133	NIC1060	Length	1	3
134	QG759	Length	1	10
135	QG983	Length	1	11
136	QG979	Length	1	5
137	QX1797	Length	1	5
138	QX1796	Length	1	6
139	QX1410	Length	1	6
140	QG2647	Length	1	7
141	NIC1590	Length	1	5
142	ECA1495	Length	1	3
143	NIC1418	Length	1	9
144	NIC1645	Length	1	3
145	BRC20500	Length	1	2
146	NIC180	Length	1	6
147	QG2781	Length	1	10
148	QG937	Length	1	10
149	QG113	Length	1	4
150	BRC20241	Length	1	7
151	QG4113	Length	1	10
152	NIC793	Length	1	2
153	NIC20	Length	1	4
154	QG977	Length	1	5
155	JU842	Length	1	5
156	NIC67	Length	1	5
157	NIC824	Length	1	2
158	ECA1639	Length	1	8
159	NIC1626	Length	1	2
160	QG932	Length	1	8
161	JU2471	Length	1	4
162	QG810	Length	1	5
163	QG2659	Length	1	8
164	BRC20238	Length	1	8
165	JU836	Length	1	5
166	QG121	Length	1	7
167	JU372	Length	1	9
168	QG1153	Length	1	3
169	JU2256	Length	1	8
170	QG1146	Length	1	4
171	NIC1106	Length	1	3
172	QG878	Length	1	9
173	NIC157	Length	1	8
174	QG774	Length	1	5
175	QG4067	Length	1	6
176	ECA1591	Length	1	6
177	QX1798	Length	1	7
178	EG5784	Length	1	3
179	QG790	Length	1	6
180	ECA1563	Length	1	6
181	JU2793	Length	1	7
182	NIC1292	Length	1	8
183	BRC20524	Length	1	6
184	ECA1597	Length	1	3
185	NIC96	Length	1	3
186	QG945	Length	1	11
187	ECA1459	Length	1	5
188	QG992	Length	1	3
189	QG1134	Length	1	8
190	NIC362	Length	1	5
191	JU2584	Length	1	5
192	BRC20242	Length	1	3
193	NIC1591	Length	1	3
194	JU351	Length	1	7
195	NIC811	Length	1	4
196	NIC367	Length	1	5
197	QG890	Length	1	18
198	QG4069	Length	1	3
199	JU2786	Length	1	9
200	QX1545	Length	1	4
201	NIC1289	Length	1	10
202	ECA2115	Length	1	5
203	JU3273	Length	1	5
204	ECA2624	Length	1	8
205	QG4094	Length	1	5
206	QG2737	Length	1	11
207	QG779	Length	1	5
208	QG3825	Length	1	6
209	NIC558	Length	1	5
210	JU1997	Length	1	6
211	QG2694	Length	1	8
212	QG807	Length	1	5
213	QG865	Length	1	8
214	NIC341	Length	1	4
215	QG830	Length	1	8
216	NIC1131	Length	1	5
217	ECA2368	Length	1	17
218	QG887	Length	1	8
219	QG3784	Length	1	16
220	QG2901	Length	1	12
221	EG6262	Length	1	6
222	JU3416	Length	1	3
223	QG115	Length	1	7
224	JU1340	Length	1	7
225	QG771	Length	1	7
226	QG952	Length	1	16
227	BRC20093	Length	1	7
228	JU2779	Length	1	6
229	ECA287	Length	1	3
230	QG997	Length	1	5
231	QG3929	Length	1	11
232	ECA185	Length	1	3
233	NIC1069	Length	1	4
234	QG2690	Length	1	7
235	JU3281	Length	1	8
236	MY918	Length	1	5
237	ECA1557	Length	1	2
238	JU2849	Length	1	7
239	QG2734	Length	1	4
240	QG4130	Length	1	8
241	NIC107	Length	1	3
242	QG577	Length	1	6
243	ECA346	Length	1	2
244	NIC73	Length	1	5
245	NIC1633	Length	1	4
246	ECA1487	Length	1	4
247	NIC985	Length	1	6
248	XZ1211	Length	1	7
249	QG3927	Length	1	12
250	JU2221	Length	1	7
251	NIC901	Length	1	3
252	JU1497	Length	1	9
253	BRC20121	Length	1	4
254	ECA2670	Length	1	2
255	JU2248	Length	1	4
256	QG950	Length	1	7
257	NIC373	Length	1	8
258	QG4101	Length	1	3
259	QG2784	Length	1	4
260	QG3932	Length	1	6
261	QG3841	Length	1	7
262	QG875	Length	1	19
263	XZ1210	Length	1	5
264	QG760	Length	1	5
265	XZ1732	Length	1	5
266	JU373	Length	1	12
267	JU1338	Length	1	8
268	QX1547	Length	1	10
269	NIC1103	Length	1	7
270	BRC20122	Length	1	4
271	QG3832	Length	1	3
272	QG750	Length	1	13
273	QG731	Length	1	7
274	JU1500	Length	1	7
275	EG6276	Length	1	4
276	ECA2275	Length	1	7
277	QG2909	Length	1	6
278	NIC70	Length	1	4
279	BRC20342	Length	1	2
280	QG776	Length	1	5
281	JU378	Length	1	14
282	QG4133	Length	1	7
283	NIC578	Length	1	5
284	QG933	Length	1	16
285	NIC28	Length	1	3
286	MY754	Length	1	6
287	QG574	Length	1	6
288	JU845	Length	1	5
289	QG870	Length	1	6
290	NIC32	Length	1	7
291	QG3822	Length	1	14
292	BRC20540	Length	1	5
293	BRC20120	Length	1	9
294	QG806	Length	1	6
295	NIC817	Length	1	3
296	JU1473	Length	1	7
297	QG109	Length	1	5
298	ECA1641	Length	1	9
299	ECA1499	Length	1	3
300	QG723	Length	1	7
301	JU2595	Length	1	5
302	NIC419	Length	1	11
303	NIC549	Length	1	6
304	QG993	Length	1	7
305	EG6261	Length	1	5
306	NIC1533	Length	1	2
307	NIC1483	Length	1	7
308	NIC179	Length	1	8
309	NIC778	Length	1	3
310	ED3085	Length	1	4
311	ECA175	Length	1	4
312	JU2247	Length	1	5
313	ECA276	Length	1	8
314	BRC20520	Length	1	5
315	ECA2470	Length	1	1
316	QG2849	Length	1	9
317	JU2556	Length	1	5
318	ECA1577	Length	1	3
319	QR25	Length	1	8
320	JU1776	Length	1	7
321	BRC20246	Length	1	8
322	NIC1308	Length	1	5
323	QG832	Length	1	3
324	MY2717	Length	1	3
325	QG2695	Length	1	8
326	NIC1217	Length	1	4
327	NIC76	Length	1	4
328	QG741	Length	1	6
329	QG4066	Length	1	4
330	EG4360	Length	1	3
331	NIC1668	Length	1	4
332	NIC1059	Length	1	9
333	BRC20107	Length	1	2
334	QG2729	Length	1	5
335	NIC23	Length	1	6
336	NIC556	Length	1	7
337	QG816	Length	1	12
338	QG3923	Length	1	10
339	JU2781	Length	1	3
340	QG809	Length	1	4
341	JU844	Length	1	5
342	NIC1629	Length	1	2
343	JU2850	Length	1	6
344	NIC108	Length	1	5
345	BRC20069	Length	1	6
346	ECA2387	Length	1	3
347	QG4211	Length	1	4
348	ECA1609	Length	1	6
349	QG805	Length	1	7
350	NIC864	Length	1	5
351	QG2684	Length	1	5
352	JU1907	Length	1	7
353	QG1143	Length	1	14
354	MY2132	Length	1	10
355	QG3804	Length	1	9
356	NIC1356	Length	1	5
357	BW287	Length	1	7
358	BRC20347	Length	1	5
359	NIC504	Length	1	5
360	JU1556	Length	1	10
361	EG6269	Length	1	3
362	EG4365	Length	1	3
363	ECA1156	Length	1	4
364	JU2138	Length	1	6
365	NIC309	Length	1	5
366	QG874	Length	1	8
367	NIC160	Length	1	8
368	QG1102	Length	1	3
369	MY756	Length	1	7
370	QG753	Length	1	12
371	NIC325	Length	1	10
372	JU2777	Length	1	10
373	QG4059	Length	1	4
374	QG1104	Length	1	8
375	NIC1693	Length	1	8
376	QG3801	Length	1	2
377	BRC20369	Length	1	9
378	BRC20339	Length	1	2
379	QG4095	Length	1	4
380	QG994	Length	1	11
381	NIC1185	Length	1	7
382	ECA2501	Length	1	2
383	QG117	Length	1	7
384	NIC209	Length	1	7
385	BRC20090	Length	1	5
386	QG2967	Length	1	7
387	QG1149	Length	1	9
388	NIC119	Length	1	6
389	ECA2808	Length	1	4
390	JU1885	Length	1	5
391	ECA360	Length	1	2
392	QG985	Length	1	20
393	JU356	Length	1	6
394	ECA2625	Length	1	4
395	QG2779	Length	1	10
396	EG6263	Length	1	7
397	BRC20542	Length	1	6
398	BRC20073	Length	1	5
399	QG581	Length	1	6
400	BRC20269	Length	1	10
401	QG2820	Length	1	9
402	ECA1130	Length	1	6
403	QG763	Length	1	14
404	JU1435	Length	1	4
405	JU280	Length	1	10
406	JU2577	Length	1	7
407	NIC1351	Length	1	6
408	MY752	Length	1	6
409	QG3025	Length	1	6
410	ECA2632	Length	1	4
411	ECA1535	Length	1	3
412	NIC1287	Length	1	6
413	QG2894	Length	1	10
414	QG762	Length	1	11
415	ECA1469	Length	1	5
416	ECA2379	Length	1	4
417	ECA2627	Length	1	13
418	NIC1104	Length	1	10
419	QG1150	Length	1	4
420	MY682	Length	1	7
421	JU2823	Length	1	11
422	QG2657	Length	1	6
423	QG1145	Length	1	4
424	QG3045	Length	1	5
425	JU1533	Length	1	6
426	QG742	Length	1	4
427	JU1046	Length	1	10
428	GXW0024	Length	1	8
429	NIC583	Length	1	4
430	NIC329	Length	1	4
431	NIC1373	Length	1	5
432	NIC163	Length	1	7
433	BRC20536	Length	1	5
434	BRC20123	Length	1	4
435	QG1141	Length	1	12
436	JU3205	Length	1	10
437	QG3004	Length	1	4
438	ECA178	Length	1	4
439	BRC20324	Length	1	4
440	JU1337	Length	1	5
441	NIC181	Length	1	9
442	BRC20234	Length	1	4
443	NIC61	Length	1	5
444	JU1499	Length	1	8
445	MY681	Length	1	5
446	QG1114	Length	1	6
447	MY661	Length	1	9
448	NIC498	Length	1	7
449	QG2890	Length	1	3
450	QG2683	Length	1	9
451	QG791	Length	1	12
452	JU2835	Length	1	9
453	QG886	Length	1	9
454	NIC154	Length	1	7
455	NIC1664	Length	1	5
456	NIC1595	Length	1	4
457	QG133	Length	1	2
458	QG3926	Length	1	5
459	JU841	Length	1	5
460	NIC106	Length	1	5
461	QG881	Length	1	3
462	JU2894	Length	1	13
463	JU2145	Length	1	5
464	QG770	Length	1	5
465	QG1152	Length	1	6
466	BRC20294	Length	1	8
467	QG4209	Length	1	4
468	QG2616	Length	1	6
469	NIC331	Length	1	5
470	ED3098	Length	1	7
471	NIC88	Length	1	8
472	NIC93	Length	1	4
473	BRC20345	Length	1	9
474	JU2893	Length	1	7
475	NIC103	Length	1	3
476	BRC20537	Length	1	8
477	BRC20348	Length	1	9
478	JU1995	Length	1	6
479	NIC377	Length	1	6
480	ECA1407	Length	1	7
481	QG2624	Length	1	6
482	ECA1183	Length	1	3
483	QG2622	Length	1	6
484	MY755	Length	1	4
485	QG783	Length	1	6
486	JU1827	Length	1	5
487	JU839	Length	1	7
488	JU2573	Length	1	3
489	ECA1501	Length	1	2
490	JU2767	Length	1	4
491	JU1346	Length	1	8
492	NIC38	Length	1	7
493	QG744	Length	1	7
494	NIC30	Length	1	6
495	JU2910	Length	1	5
496	ECA2633	Length	1	2
497	MY765	Length	1	5
498	NIC117	Length	1	4
499	JU2055	Length	1	4
500	QG4123	Length	1	4
501	QG4112	Length	1	4
502	QG3930	Length	1	15
503	NIC1527	Length	1	5
504	ECA2662	Length	1	5
505	QG923	Length	1	6
506	NIC745	Length	1	6
507	QG2678	Length	1	13
508	ECA1153	Length	1	5
509	NIC1589	Length	1	2
510	JU2536	Length	1	5
511	NIC1052	Length	1	4
512	QG3796	Length	1	7
513	BRC20092	Length	1	3
514	JU4058	Length	1	3
515	QG4117	Length	1	2
516	JU2905	Length	1	15
517	JU793	Length	1	3
518	NIC156	Length	1	6
519	NIC170	Length	1	9
520	ECA1162	Length	1	4
521	QG2617	Length	1	5
522	ECA1601	Length	1	5
523	JU2594	Length	1	7
524	NIC839	Length	1	9
525	JU1994	Length	1	6
526	NIC74	Length	1	4
527	NIC552	Length	1	7
528	NIC906	Length	1	5
529	ECA1573	Length	1	3
530	ECA1645	Length	1	10
531	NIC1423	Length	1	10
532	NIC1625	Length	1	2
533	NIC1202	Length	1	7
534	QG777	Length	1	5
535	QG986	Length	1	7
536	ECA1553	Length	1	3
537	QG108	Length	1	5
538	ECA2383	Length	1	4
539	BRC20232	Length	1	4
540	QG3017	Length	1	12
541	QG3820	Length	1	4
542	QG2887	Length	1	12
543	ECA186	Length	1	4
544	JU838	Length	1	6
545	ECA2631	Length	1	7
546	BRC20530	Length	1	6
547	NIC1414	Length	1	6
548	QG2665	Length	1	8
549	QG129	Length	1	7
550	MY2249	Length	1	4
551	QX1795	Length	1	10
552	NIC333	Length	1	4
553	ECA1575	Length	1	4
554	QG1111	Length	1	7
555	QG786	Length	1	9
556	ECA1146	Length	1	4
557	QG2848	Length	1	7
558	QG116	Length	1	6
559	QG4129	Length	1	7
560	NIC1123	Length	1	11
561	QG3002	Length	1	4
562	ED3103	Length	1	5
563	NIC1540	Length	1	2
564	QG761	Length	1	6
565	ECA1431	Length	1	4
566	QG743	Length	1	5
567	JU1377	Length	1	5
568	QG3044	Length	1	7
569	JU1551	Length	1	5
570	QG2631	Length	1	6
571	NIC317	Length	1	5
572	JU2053	Length	1	3
573	BRC20462	Length	1	2
574	BRC20255	Length	1	6
575	QX1414	Length	1	3
576	QG128	Length	1	7
577	ECA1163	Length	1	6
578	BRC20498	Length	1	5
579	QG796	Length	1	5
580	YR88	Length	1	3
581	JU3326	Length	1	8
582	QG1002	Length	1	7
583	ECA1429	Length	1	8
584	QG3798	Length	1	7
585	PB859	Length	1	5
586	JU2101	Length	1	7
587	JU1498	Length	1	7
588	NIC161	Length	1	10
589	BRC20525	Length	1	5
590	QG580	Length	1	7
591	NIC805	Length	1	5
592	NIC1221	Length	1	4
593	NIC791	Length	1	2
594	MY702	Length	1	6
595	BRC20526	Length	1	3
596	JU1341	Length	1	5
597	NIC576	Length	1	6
598	NIC1055	Length	1	3
599	QG550	Length	1	3
600	JU3200	Length	1	5
601	QG792	Length	1	10
602	EG6258	Length	1	5
603	BRC20543	Length	1	7
604	JU1258	Length	1	7
605	QG2922	Length	1	5
606	JU3206	Length	1	3
607	BRC20535	Length	1	4
608	NIC816	Length	1	5
609	JU1376	Length	1	7
610	XZ1733	Length	1	3
611	QG3794	Length	1	2
612	QG4225	Length	1	5
613	JU1262	Length	1	9
614	ECA182	Length	1	4
615	JU358	Length	1	9
616	QG2615	Length	1	6
617	QG1007	Length	1	7
618	QX1801	Length	1	3
619	JU1260	Length	1	7
620	BRC20523	Length	1	6
621	BRC20237	Length	1	4
622	ECA1399	Length	1	6
623	JU2580	Length	1	9
624	ECA2513	Length	1	2
625	JU2780	Length	1	9
626	JU3202	Length	1	9
627	NIC330	Length	1	11
628	QG575	Length	1	5
629	QG585	Length	1	4
630	NIC884	Length	1	4
631	JU2226	Length	1	8
632	NIC343	Length	1	5
633	ECA1657	Length	1	12
634	QG2778	Length	1	7
635	QG4207	Length	1	3
636	JU1993	Length	1	9
637	BRC20331	Length	1	9
638	QG867	Length	1	7
639	JU1254	Length	1	5
640	MY646	Length	1	10
641	QG2739	Length	1	12
642	ECA1625	Length	1	4
643	BRC20529	Length	1	5
644	JU4042	Length	1	1
645	QG579	Length	1	3
646	QG1005	Length	1	9
647	QG998	Length	1	12
648	JU2229	Length	1	4
649	ECA1148	Length	1	4
650	JU379	Length	1	10
651	MY2049	Length	1	5
652	JU3272	Length	1	5
653	JU1044	Length	1	8
654	JU1399	Length	1	17
655	ECA1589	Length	1	6
656	QG3878	Length	1	3
657	QG1148	Length	1	11
658	QG2649	Length	1	7
659	JU1909	Length	1	3
660	JU1795	Length	1	6
661	ED3091	Length	1	7
662	ECA2613	Length	1	5
663	QG4097	Length	1	12
664	QG4212	Length	1	10
665	JU2814	Length	1	6
666	NIC590	Length	1	14
667	QG4068	Length	1	6
668	ECA1437	Length	1	3
669	NIC1206	Length	1	4
670	JU2144	Length	1	9
671	NIC899	Length	1	3
672	NIC1482	Length	1	9
673	NIC1205	Length	1	5
674	NIC392	Length	1	5
675	QG4030	Length	1	3
676	QG2735	Length	1	6
677	NIC914	Length	1	6
678	QG2970	Length	1	7
679	MY2269	Length	1	5
680	NIC1669	Length	1	4
681	NIC368	Length	1	7
682	MY2281	Length	1	3
683	NIC146	Length	1	5
684	BRC20230	Length	1	4
685	JU2872	Length	1	4
686	NIC1274	Length	1	9
687	QG2882	Length	1	8
688	ECA2622	Length	1	4
689	TWN1907	Length	1	6
690	QG2648	Length	1	15
691	JU2773	Length	1	8
692	JU349	Length	1	6
693	NIC1056	Length	1	2
694	NIC1303	Length	1	6
695	ECA1659	Length	1	9
696	ECA1655	Length	1	17
697	JU1829	Length	1	5
698	JU796	Length	1	7
699	NIC1218	Length	1	4
700	NIC323	Length	1	5
701	NIC827	Length	1	4
702	QG764	Length	1	12
703	ECA1411	Length	1	10
704	ECA1160	Length	1	6
705	BRC20531	Length	1	3
706	JU3420	Length	1	3
707	JU797	Length	1	4
708	JU516	Length	1	9
709	QG982	Length	1	7
710	NIC340	Length	1	5
711	NIC182	Length	1	8
712	NIC1602	Length	1	5
713	BRC20522	Length	1	5
714	QG734	Length	1	5
715	QG2718	Length	1	16
716	QG3928	Length	1	6
717	NIC149	Length	1	8
718	NIC1061	Length	1	8
719	QG3827	Length	1	2
720	QG2664	Length	1	9
721	JU3321	Length	1	9
722	JU2056	Length	1	3
723	ECA2618	Length	1	4
724	QG1154	Length	1	3
725	QG752	Length	1	5
726	XZ1731	Length	1	6
727	NIC1090	Length	1	7
728	ECA2638	Length	1	2
729	NIC173	Length	1	8
730	ECA1643	Length	1	6
731	QG3864	Length	1	3
732	NIC509	Length	1	8
733	NIC123	Length	1	8
734	JU2252	Length	1	5
735	BRC20088	Length	1	8
736	QG4072	Length	1	6
737	QG572	Length	1	4
738	QG755	Length	1	14
739	ECA162	Length	1	5
740	JU2588	Length	1	5
741	BRC20086	Length	1	1
742	ECA2628	Length	1	6
743	QG797	Length	1	4
744	NIC86	Length	1	5
745	NIC1442	Length	1	3
746	ECA2457	Length	1	3
747	JU4041	Length	1	4
748	ED3092	Length	1	5
749	QG1101	Length	1	4
750	JU846	Length	1	5
751	ECA1569	Length	1	4
752	NIC1053	Length	1	4
753	QG980	Length	1	2
754	XZ1208	Length	1	6
755	NIC1186	Length	1	5
756	NIC758	Length	1	5
757	ED3097	Length	1	6
758	QG735	Length	1	17
759	QG3925	Length	1	8
760	JU1802	Length	1	4
761	QG2819	Length	1	9
762	ECA1174	Length	1	5
763	NIC109	Length	1	5
764	ECA1176	Length	1	5
765	QG879	Length	1	8
766	ECA357	Length	1	4
767	JU1999	Length	1	8
768	QG1125	Length	1	12
769	QG2728	Length	1	5
770	ECA1653	Length	1	18
771	JU1343	Length	1	8
772	QG1124	Length	1	9
773	JU3199	Length	1	7
774	NIC1158	Length	1	10
775	JU1529	Length	1	7
776	NIC29	Length	1	5
777	NIC303	Length	1	6
778	QG2671	Length	1	4
779	BRC20333	Length	1	3
780	ECA1143	Length	1	6
781	QG4061	Length	1	3
782	NIC1660	Length	1	5
783	JU2225	Length	1	7
784	ECA1547	Length	1	4
785	BRC20224	Length	1	3
786	JU2223	Length	1	7
787	QG884	Length	1	12
788	JU1042	Length	1	8
789	QG3039	Length	1	7
790	ECA1595	Length	1	6
791	QG798	Length	1	16
792	BRC20098	Length	1	5
793	JU3204	Length	1	4
794	QG833	Length	1	5
795	JU2579	Length	1	6
796	MY683	Length	1	8
797	NIC19	Length	1	3
798	QG2660	Length	1	8
799	QG724	Length	1	3
800	JU2184	Length	1	8
801	JU1339	Length	1	8
802	QG2910	Length	1	4
803	QG725	Length	1	2
804	QG2742	Length	1	13
805	MY771	Length	1	4
806	BRC20341	Length	1	5
807	QG3876	Length	1	2
808	ECA2661	Length	1	5
809	ECA1565	Length	1	2
810	NIC865	Length	1	2
811	VX0034	Length	1	7
812	ECA569	Length	1	5
813	JU381	Length	1	10
814	BRC20308	Length	1	7
815	ECA1158	Length	1	1
816	JU2472	Length	1	4
817	ECA188	Length	1	3
818	ECA2297	Length	1	3
819	ECA2083	Length	1	13
820	QG973	Length	1	7
821	NIC80	Length	1	5
822	JU4097	Length	1	7
823	QG883	Length	1	15
824	JU2836	Length	1	6
825	QG4058	Length	1	4
826	JU795	Length	1	8
827	EG6179	Length	1	4
828	QG2902	Length	1	11
829	QG571	Length	1	3
830	QG4099	Length	1	6
831	JU350	Length	1	7
832	NIC810	Length	1	7
833	NIC1100	Length	1	4
834	JU1049	Length	1	8
835	QG570	Length	1	5
836	MY2748	Length	1	3
837	NIC1407	Length	1	14
838	ECA2277	Length	1	11
839	NIC292	Length	1	7
840	JU441	Length	1	9
841	QG2682	Length	1	9
842	QG2883	Length	1	9
843	QG765	Length	1	6
844	NIC1635	Length	1	4
845	QG4120	Length	1	3
846	ECA2616	Length	1	16
847	QG825	Length	1	8
848	JU2185	Length	1	6
849	BRC20346	Length	1	5
850	QG2884	Length	1	9
851	UH1	Length	1	6
852	BRC20370	Length	1	9
853	QG3018	Length	1	5
854	EG4207	Length	1	2
855	EG5613	Length	1	4
856	ECA1179	Length	1	5
857	NIC1598	Length	1	5
858	JU2824	Length	1	10
859	ECA1511	Length	1	4
860	QG1132	Length	1	4
861	NIC64	Length	1	10
862	NIC1143	Length	1	3
863	NIC1288	Length	1	11
864	QG988	Length	1	7
865	ECA1164	Length	1	5
866	NIC71	Length	1	5
867	ECA1457	Length	1	3
868	ED3101	Length	1	6
869	JU1348	Length	1	2
870	ECA1621	Length	1	6
871	ECA1617	Length	1	3
872	NIC36	Length	1	7
873	NIC1413	Length	1	6
874	NIC174	Length	1	7
875	QG2923	Length	1	6
876	QG3851	Length	1	3
877	QG4029	Length	1	3
878	QG868	Length	1	7
879	QG941	Length	1	17
880	JU2233	Length	1	6
881	BRC20085	Length	1	4
882	GXW0025	Length	1	5
883	QG2691	Length	1	14
884	ECA1165	Length	1	4
885	JU2054	Length	1	4
886	QG2618	Length	1	6
887	JU1259	Length	1	7
888	JU2214	Length	1	5
889	QG547	Length	1	10
890	ECA1443	Length	1	3
891	QG1129	Length	1	6
892	XZ1204	Length	1	5
893	NIC1124	Length	1	7
894	QG3874	Length	1	2
895	QG3920	Length	1	9
896	ECA1637	Length	1	7
897	ECA1651	Length	1	19
898	JU2533	Length	1	4
899	NIC1593	Length	1	9
900	ECA1555	Length	1	5
901	ECA1152	Length	1	5
902	QG782	Length	1	3
903	QG4131	Length	1	4
904	QG951	Length	1	6
905	JU2218	Length	1	7
906	NIC167	Length	1	8
907	JU1775	Length	1	7
908	ED3082	Length	1	5
909	QG588	Length	1	6
910	JU1038	Length	1	9
911	JU2206	Length	1	9
912	JU2591	Length	1	6
913	QX1804	Length	1	5
914	NIC116	Length	1	6
915	JU837	Length	1	5
916	NIC893	Length	1	7
917	JU3168	Length	1	5
918	JU1474	Length	1	6
919	NIC812	Length	1	7
920	NIC981	Length	1	5
921	NIC821	Length	1	7
922	NIC818	Length	1	4
923	NIC1535	Length	1	4
924	JU1048	Length	1	8
925	BRC20533	Length	1	3
926	NIC369	Length	1	8
927	JU1998	Length	1	8
928	TWN1772	Length	1	5
929	JU2057	Length	1	5
930	QG4116	Length	1	3
931	NIC1424	Length	1	5
932	JU3276	Length	1	11
933	NIC850	Length	1	8
934	NIC574	Length	1	3
935	QG2966	Length	1	10
936	QG738	Length	1	4
937	ECA2623	Length	1	7
938	ECA181	Length	1	10
939	QG794	Length	1	9
940	ECA2373	Length	1	9
941	NIC532	Length	1	4
942	QG2889	Length	1	3
943	QG926	Length	1	9
944	GXW0026	Length	1	8
945	NIC809	Length	1	8
946	QG1106	Length	1	7
947	JU2182	Length	1	6
948	QG2623	Length	1	4
949	QG4206	Length	1	3
950	QG780	Length	1	4
951	BRC20545	Length	1	5
952	NIC332	Length	1	4
953	QG819	Length	1	6
954	NIC792	Length	1	5
955	NIC883	Length	1	4
956	JU354	Length	1	10
957	NIC1066	Length	1	8
958	ECA1559	Length	1	3
959	NIC826	Length	1	2
960	BRC20408	Length	1	3
961	NIC1667	Length	1	2
962	ECA288	Length	1	5
963	QG3015	Length	1	9
964	ECA2630	Length	1	2
965	JU2227	Length	1	5
966	BRC20312	Length	1	6
967	ECA1543	Length	1	6
968	QG2925	Length	1	7
969	ECA179	Length	1	9
970	QG3924	Length	1	8
971	JU2045	Length	1	2
972	BRC20229	Length	1	3
973	NIC1491	Length	1	4
974	QG3046	Length	1	4
975	QG873	Length	1	16
976	JU1637	Length	1	2
977	JU1788	Length	1	9
978	NIC6	Length	1	6
979	QG882	Length	1	18
980	QG3840	Length	1	4
981	JU4049	Length	1	3
982	QG788	Length	1	4
983	NIC1692	Length	1	3
984	JU3278	Length	1	6
985	NIC175	Length	1	8
986	ECA1773	Length	1	2
987	BRC20501	Length	1	8
988	ED3093	Length	1	6
989	JU1912	Length	1	3
990	ECA1619	Length	1	5
991	JU1469	Length	1	9
992	NIC1630	Length	1	3
993	NIC77	Length	1	6
994	JU2863	Length	1	8
995	JU439	Length	1	6
996	QG1127	Length	1	10
997	BRC20519	Length	1	5
998	QG733	Length	1	4
999	JU2222	Length	1	6
1000	QG2639	Length	1	4
1001	JU3237	Length	1	4
1002	NIC1607	Length	1	5
1003	ECA1167	Length	1	3
1004	JU2228	Length	1	4
1005	JU2470	Length	1	5
1006	QG766	Length	1	15
1007	JU1789	Length	1	8
1008	BRC20390	Length	1	4
1009	JU4084	Length	1	4
1010	ECA1607	Length	1	6
1011	QG756	Length	1	11
1012	EG5614	Length	1	5
1013	QG3019	Length	1	6
1014	JU1913	Length	1	3
1015	QG2641	Length	1	7
1016	QG106	Length	1	6
1017	QG2777	Length	1	5
1018	QG111	Length	1	5
1019	NIC399	Length	1	6
1020	ED3088	Length	1	5
1021	ECA1571	Length	1	3
1022	ECA2505	Length	1	2
1023	QG573	Length	1	5
1024	ECA2621	Length	1	8
1025	QG1131	Length	1	6
1026	JU757	Length	1	6
1027	QG4073	Length	1	8
1028	JU1814	Length	1	6
1029	NIC877	Length	1	3
1030	ECA1175	Length	1	6
1031	MY801	Length	1	6
1032	JU2032	Length	1	8
1033	NIC1295	Length	1	7
1034	QG3527	Length	1	9
1035	ECA1166	Length	1	3
1036	ECA2089	Length	1	4
1037	QG827	Length	1	3
1038	QG872	Length	1	6
1039	JU2143	Length	1	8
1040	NIC808	Length	1	10
1041	QG947	Length	1	7
1042	JU3422	Length	1	5
1043	NIC815	Length	1	6
1044	ECA1382	Length	1	5
1045	ECA2515	Length	1	2
1046	NIC17	Length	1	5
1047	QG2919	Length	1	3
1048	NIC1302	Length	1	4
1049	QG930	Length	1	2
1050	ECA1667	Length	1	19
1051	BRC20544	Length	1	4
1052	JU2216	Length	1	6
1053	QG4070	Length	1	4
1054	NIC554	Length	1	11
1055	QG2906	Length	1	8
1056	JU2473	Length	1	3
1057	QG3837	Length	1	8
1058	JU357	Length	1	8
1059	NIC1261	Length	1	4
1060	ECA2620	Length	1	8
1061	PB858	Length	1	5
1062	QG785	Length	1	10
1063	JU353	Length	1	6
1064	JU2217	Length	1	6
1065	JU3319	Length	1	7
1066	MY2271	Length	1	3
1067	ECA1149	Length	1	6
1068	QG4114	Length	1	5
1069	JU2626	Length	1	6
1070	GXW0022	Length	1	7
1071	QG584	Length	1	5
1072	NIC155	Length	1	7
1073	QG778	Length	1	10
1074	MY761	Length	1	6
1075	NIC1529	Length	1	5
1076	BRC20463	Length	1	6
1077	NIC253	Length	1	3
1078	QG2920	Length	1	1
1079	JU2753	Length	1	3
1080	NIC78	Length	1	4
1081	NIC1139	Length	1	4
1082	QG727	Length	1	6
1083	ECA1144	Length	1	6
1084	BRC20100	Length	1	10
1085	ECA1127	Length	1	3
1086	JU405	Length	1	5
1087	JU2219	Length	1	8
1088	NIC72	Length	1	7
1089	NIC5	Length	1	5
1090	NIC188	Length	1	6
1091	QG928	Length	1	4
1092	QG1113	Length	1	6
1093	NIC21	Length	1	4
1094	NIC1631	Length	1	2
1095	NIC1539	Length	1	5
1096	QG3823	Length	1	13
1097	NIC1537	Length	1	7
1098	BRC20534	Length	1	5
1099	NIC879	Length	1	5
1100	JU1047	Length	1	9
1101	QG795	Length	1	7
1102	EG6275	Length	1	7
1103	QG802	Length	1	4
1104	ECA2239	Length	1	7
1105	QG757	Length	1	9
1106	JU2517	Length	1	4
1107	JU2183	Length	1	9
1108	NIC819	Length	1	13
1109	NIC1050	Length	1	4
1110	QG877	Length	1	8
1111	QG2815	Length	1	7
1112	QG3842	Length	1	5
1113	NIC191	Length	1	8
1114	QG119	Length	1	7
1115	QG3810	Length	1	5
1116	EG6257	Length	1	5
1117	BRC20556	Length	1	4
1118	ECA2635	Length	1	4
1119	BRC20492	Length	1	6
1120	ECA1587	Length	1	5
1121	ECA163	Length	1	8
1122	BRC20528	Length	1	3
1123	ZZY405	Length	1	5
1124	ECA161	Length	1	5
1125	NIC1666	Length	1	6
1126	QG728	Length	1	5
1127	JU1794	Length	1	3
1128	QG130	Length	1	7
1129	NIC777	Length	1	7
1130	QG4115	Length	1	4
1131	BRC20289	Length	1	4
1132	QG2730	Length	1	4
1133	ECA183	Length	1	3
1134	QG2886	Length	1	14
1135	JU1375	Length	1	6
1136	NIC115	Length	1	7
1137	MY750	Length	1	6
1138	ECA1381	Length	1	4
1139	ECA277	Length	1	4
1140	JU1542	Length	1	8
1141	BRC20077	Length	1	10
1142	QG3922	Length	1	6
1143	NIC63	Length	1	4
1144	JU4060	Length	1	3
1145	QG858	Length	1	6
1146	JU2181	Length	1	8
1147	JU840	Length	1	7
1148	QG2673	Length	1	8
1149	QG120	Length	1	7
1150	NIC40	Length	1	6
1151	QG2908	Length	1	3
1152	QX1800	Length	1	6
1153	QG2736	Length	1	4
1154	QG2714	Length	1	5
1155	XZ1212	Length	1	6
1156	QG814	Length	1	12
1157	QR24	Length	1	6
1158	JU1830	Length	1	9
1159	QG815	Length	1	8
1160	JU2563	Length	1	9
1161	ECA2299	Length	1	4
1162	ECA1629	Length	1	4
1163	JU2506	Length	1	3
1164	QG4121	Length	1	3
1165	JU1205	Length	1	6
1166	ECA2637	Length	1	5
1167	NIC101	Length	1	5
1168	NIC89	Length	1	5
1169	NIC75	Length	1	5
1170	NIC60	Length	1	7
1171	QG2892	Length	1	12
1172	QG4098	Length	1	3
1173	QG3815	Length	1	3
1174	QG784	Length	1	4
1175	NIC1552	Length	1	6
1176	QG3813	Length	1	7
1177	QG3783	Length	1	6
1178	JU404	Length	1	7
1179	JU835	Length	1	5
1180	ECA1473	Length	1	6
1181	QG775	Length	1	6
1182	JU3327	Length	1	5
1183	NIC820	Length	1	7
1184	ECA1427	Length	1	7
1185	NIC1203	Length	1	4
1186	ECA2507	Length	1	2
1187	QG3041	Length	1	11
1188	JU374	Length	1	11
1189	NIC828	Length	1	4
1190	ECA2647	Length	1	3
1191	QG114	Length	1	7
1192	EG6265	Length	1	4
1193	QG787	Length	1	5
1194	QG2971	Length	1	4
1195	JU1638	Length	1	5
1196	QG726	Length	1	3
1197	QG3032	Length	1	5
1198	JU1820	Length	1	6
1199	QG2921	Length	1	11
1200	ECA2626	Length	1	12
1201	ECA2455	Length	1	4
1202	ECA1613	Length	1	4
1203	MY2716	Length	1	4
1204	NIC1219	Length	1	3
1205	QG4075	Length	1	9
1206	QG822	Length	1	5
1207	NIC802	Length	1	5
1208	ECA177	Length	1	4
1209	NIC1628	Length	1	4
1210	ECA2093	Length	1	3
1211	QG3816	Length	1	2
1212	ECA2301	Length	1	4
1213	QG3875	Length	1	6
1214	NIC776	Length	1	6
1215	QG2926	Length	1	8
1216	QG4063	Length	1	3
1217	QG781	Length	1	4
1218	MY2725	Length	1	4
1219	MY709	Length	1	8
1220	BRC20401	Length	1	7
1221	ECA1567	Length	1	4
1222	NIC1306	Length	1	6
1223	NIC1416	Length	1	8
1224	QG880	Length	1	12
1225	NIC1524	Length	1	4
1226	EG6268	Length	1	3
1227	JU1987	Length	1	7
1228	QG589	Length	1	7
1229	NIC518	Length	1	6
1230	QG3867	Length	1	3
1231	JU1822	Length	1	6
1232	QG1139	Length	1	6
1233	QG2667	Length	1	11
1234	QG110	Length	1	6
1235	NIC1134	Length	1	4
1236	JU2044	Length	1	5
1237	QG1103	Length	1	6
1238	ECA1531	Length	1	6
1239	NIC81	Length	1	5
1240	NIC1089	Length	1	7
1241	QG2693	Length	1	6
1242	QG2640	Length	1	8
1243	QG1130	Length	1	7
1244	ECA2669	Length	1	3
1245	NIC243	Length	1	8
1246	ECA176	Length	1	12
1247	JU3203	Length	1	10
1248	EG6274	Length	1	5
1249	JU4062	Length	1	3
1250	NIC208	Length	1	6
1251	QG876	Length	1	9
1252	NIC519	Length	1	7
1253	QG938	Length	1	3
1254	ECA1423	Length	1	6
1255	ECA1471	Length	1	5
1256	QG856	Length	1	10
1257	NIC1065	Length	1	8
1258	ECA2503	Length	1	2
1259	BRC20236	Length	1	10
1260	JU1347	Length	1	5
1261	QG828	Length	1	8
1262	QG2741	Length	1	13
1263	ECA1529	Length	1	6
1264	JU352	Length	1	10
1265	ECA1517	Length	1	3
1266	JU2142	Length	1	7
1267	QG4100	Length	1	12
1268	JU2801	Length	1	6
1269	QG3921	Length	1	8
1270	QG2630	Length	1	5
1271	JU1908	Length	1	4
1272	QG2969	Length	1	5
1273	BRC20290	Length	1	5
1274	NIC302	Length	1	4
1275	JU279	Length	1	9
1276	QG866	Length	1	6
1277	QG4104	Length	1	4
1278	JU1263	Length	1	9
1279	ECA180	Length	1	9
1280	ECA2634	Length	1	9
1281	EG6260	Length	1	6
1282	JU1996	Length	1	7
1283	NIC505	Length	1	4
1284	NIC1141	Length	1	3
1285	QG793	Length	1	4
1286	QG578	Length	1	5
1287	QG4027	Length	1	2
1288	NIC79	Length	1	6
1289	BRC20311	Length	1	12
1290	BRC20099	Length	1	7
1291	JU2555	Length	1	6
1292	QG3861	Length	1	4
1293	NIC153	Length	1	7
1294	ECA2511	Length	1	2
1295	QG3933	Length	1	13
1296	ECA1129	Length	1	4
1297	QG737	Length	1	7
1298	QX1802	Length	1	5
1299	ECA1159	Length	1	1
1300	QG2738	Length	1	15
1301	MY539	Length	1	6
1302	QG3030	Length	1	12
1303	QG3819	Length	1	9
1304	NIC1088	Length	1	7
1305	ECA2646	Length	1	7
1306	JU725	Length	1	3
1307	ECA278	Length	1	4
1308	QG4233	Length	1	4
1309	JU1043	Length	1	7
1310	QG2677	Length	1	9
1311	QG3056	Length	1	9
1312	NIC87	Length	1	10
1313	JU2220	Length	1	5
1314	JU2754	Length	1	7
1315	NIC553	Length	1	10
1316	QG799	Length	1	6
1317	MY2270	Length	1	7
1318	QG3016	Length	1	9
1319	XZ1205	Length	1	6
1320	NIC1525	Length	1	6
1321	JU2105	Length	1	6
1322	QG4214	Length	1	5
1323	MY728	Length	1	6
1324	EG6267	Length	1	6
1325	EG6273	Length	1	5
1326	JU1560	Length	1	7
1327	JU3323	Length	1	8
1328	JU2747	Length	1	6
1329	ECA1593	Length	1	7
1330	QG4093	Length	1	4
1331	JU2799	Length	1	6
1332	ECA1128	Length	1	3
1333	NIC1530	Length	1	7
1334	NIC1125	Length	1	2
1335	QG730	Length	1	9
1336	QG749	Length	1	8
1337	PB826	Length	1	6
1338	NIC178	Length	1	8
1339	JU355	Length	1	9
1340	ECA1147	Length	1	5
1341	QG4208	Length	1	4
1342	QG1128	Length	1	6
1343	BRC20076	Length	1	2
1344	QG855	Length	1	6
1345	ECA371	Length	1	3
1346	QG2668	Length	1	7
1347	ECA2371	Length	1	5
1348	JU3279	Length	1	7
1349	QG758	Length	1	12
1350	NIC1047	Length	1	7
1351	NIC1479	Length	1	4
1352	QG889	Length	1	16
1353	QG1142	Length	1	7
1354	ECA1178	Length	1	6
1355	QG946	Length	1	12
1356	QG2717	Length	1	15
1357	QG1126	Length	1	6
1358	NIC599	Length	1	5
1359	NIC825	Length	1	5
1360	QG931	Length	1	11
1361	QG925	Length	1	16
1362	ECA343	Length	1	3
1363	QG1100	Length	1	6
1364	QG118	Length	1	7
1365	QG2891	Length	1	3
1366	EG5715	Length	1	2
1367	ECA1561	Length	1	7
1368	JU403	Length	1	9
1369	BRC20557	Length	1	4
1370	QG824	Length	1	8
1371	QG132	Length	1	9
1372	QG2885	Length	1	9
1373	ECA1551	Length	1	17
1374	NIC973	Length	1	4
1375	QG2674	Length	1	6
1376	ECA2425	Length	1	6
1377	QG4213	Length	1	8
1378	NIC171	Length	1	7
1379	JU1471	Length	1	7
1380	ECA2279	Length	1	6
1381	NIC398	Length	1	6
1382	NIC69	Length	1	5
1383	NIC1273	Length	1	6
1384	JU4051	Length	1	3
1385	QG808	Length	1	12
1386	TWN1899	Length	1	5
1387	JU1496	Length	1	8
1388	JU1767	Length	1	6
1389	ECA1706	Length	1	2
1390	JU2597	Length	1	6
1391	NIC1182	Length	1	3
1392	EG5612	Length	1	4
1393	ECA1461	Length	1	3
1394	ECA1182	Length	1	4
1395	NIC1481	Length	1	9
1396	QG2740	Length	1	17
1397	NIC162	Length	1	9
1398	EG6259	Length	1	7
1399	NIC151	Length	1	7
1400	NIC919	Length	1	3
1401	QG3826	Length	1	4
1402	QG4232	Length	1	4
1403	NIC803	Length	1	7
1404	EG6271	Length	1	5
1405	ECA1549	Length	1	3
1406	NIC1480	Length	1	10
1407	JU380	Length	1	13
1408	NIC1688	Length	1	6
1409	NIC18	Length	1	6
1410	ECA2499	Length	1	2
1411	BRC20239	Length	1	3
1412	QG854	Length	1	7
1413	PB420	Length	1	4
1414	JU1884	Length	1	4
1415	QG3053	Length	1	4
1416	PB857	Length	1	4
1417	BRC20095	Length	1	3
1418	QG2686	Length	1	7
1419	NIC84	Length	1	7
1420	NIC829	Length	1	10
1421	JU296	Length	1	8
1422	NIC68	Length	1	4
1423	NIC164	Length	1	8
1424	NIC62	Length	1	10
1425	ECA1145	Length	1	4
1426	NIC37	Length	1	7
1427	QG736	Length	1	8
1428	NIC250	Length	1	4
1429	JU1264	Length	1	9
1430	QG2780	Length	1	7
1431	BRC20334	Length	1	5
1432	JU2766	Length	1	6
1433	NIC1190	Length	1	4
1434	BRC20310	Length	1	12
1435	JU348	Length	1	8
1436	MY2250	Length	1	7
1437	BRC20503	Length	1	5
1438	NIC1562	Length	1	9
1439	JU382	Length	1	9
1440	ECA1455	Length	1	4
1441	PE887	Length	1	3
1442	JU1834	Length	1	6
1443	JU375	Length	1	11
1444	MY699	Length	1	8
1445	EG4181	Length	1	2
1446	BRC20247	Length	1	4
1447	QG4132	Length	1	3
1448	NIC1665	Length	1	2
1449	NIC158	Length	1	8
1450	ECA1631	Length	1	5
1451	NIC1304	Length	1	12
1452	QG747	Length	1	11
1453	MY701	Length	1	5
1454	NIC97	Length	1	7
1455	JU1472	Length	1	7
1456	JU1784	Length	1	8
1457	ECA1387	Length	1	7
1458	JU1799	Length	1	7
1459	ECA1180	Length	1	6
1460	JU1509	Length	1	7
1461	ECA2666	Length	1	9
1462	QG3012	Length	1	4
1463	NIC1072	Length	1	6
1464	QG4062	Length	1	3
1465	QG978	Length	1	7
1466	QG745	Length	1	4
1467	QG2895	Length	1	8
1468	BRC20089	Length	1	4
1469	NIC596	Length	1	5
1470	BRC20320	Length	1	4
1471	BRC20096	Length	1	8
1472	JU2582	Length	1	9
1473	BRC20260	Length	1	7
1474	QG4118	Length	1	4
1475	ECA1168	Length	1	3
1476	JU1562	Length	1	10
1477	BRC20075	Length	1	2
1478	ECA1627	Length	1	3
1479	JU2596	Length	1	7
1480	GXW0021	Length	1	9
1481	NIC790	Length	1	6
1482	NIC813	Length	1	6
1483	ECA1181	Length	1	6
1484	JU2518	Length	1	4
1485	ECA1605	Length	1	3
1486	QG2964	Length	1	5
1487	BRC20343	Length	1	7
1488	QG112	Length	1	7
1489	QG4026	Length	1	3
1490	NIC98	Length	1	3
1491	NIC1634	Length	1	3
1492	EG6329	Length	1	4
1493	JU1470	Length	1	8
1494	ECA2668	Length	1	5
1495	NIC185	Length	1	10
1496	QG748	Length	1	11
1497	QG991	Length	1	4
1498	JU794	Length	1	7
1499	ECA2381	Length	1	3
1500	QG1156	Length	1	3
1501	QG996	Length	1	2
1502	QG885	Length	1	9
1503	QG1144	Length	1	6
1504	QG2663	Length	1	7
1505	JU1467	Length	1	9
1506	ECA1172	Length	1	4
1507	JU2004	Length	1	7
1508	QG804	Length	1	8
1509	NIC1062	Length	1	7
1510	ECA1170	Length	1	5
1511	QG754	Length	1	10
1512	NIC1189	Length	1	10
1513	JU1085	Length	1	4
1514	NIC1057	Length	1	7
1515	NIC889	Length	1	4
1516	XZ1213	Length	1	5
1517	NIC1183	Length	1	8
1518	NIC507	Length	1	7
1519	QG2692	Length	1	7
1520	JU377	Length	1	12
1521	ECA1615	Length	1	5
1522	NIC1058	Length	1	3
1523	QG700	Length	1	6
1524	ECA1475	Length	1	9
1525	JU2208	Length	1	8
1526	QG576	Length	1	5
1527	JU2562	Length	1	5
1528	MY800	Length	1	6
1529	JU1342	Length	1	6
1530	NIC979	Length	1	4
1531	JU2569	Length	1	3
1532	ED3087	Length	1	6
1533	JU726	Length	1	5
1534	QG3787	Length	1	6
1535	QG924	Length	1	17
1536	EG6266	Length	1	2
1537	NIC95	Length	1	6
1538	ECA1611	Length	1	5
1539	TWN1824	Length	1	3
1540	ECA1161	Length	1	4
1541	QG888	Length	1	13
1542	JU3171	Length	1	4
1543	QG3661	Length	1	9
1544	ED3090	Length	1	5
1545	NIC187	Length	1	5
1546	JU1791	Length	1	6
1547	QG861	Length	1	6
1548	QG4096	Length	1	3
1549	JU3201	Length	1	6
1550	BRC20366	Length	1	6
1551	NIC1063	Length	1	10
1552	JU2791	Length	1	4
1553	TWN2919	Length	1	3
1554	NIC897	Length	1	3
1555	JU1045	Length	1	9
1556	QG812	Length	1	6
1557	QG864	Length	1	8
1558	EG6313	Length	1	10
1559	NIC806	Length	1	3
1560	QG934	Length	1	7
1561	BRC20309	Length	1	9
1562	QG739	Length	1	7
1563	QG3058	Length	1	5
1564	ECA1483	Length	1	13
1565	JU1392	Length	1	6
1566	QG4074	Length	1	8
1567	BRC20315	Length	1	8
1568	QG4128	Length	1	7
1569	NIC555	Length	1	6
1570	XZ1206	Length	1	6
1571	QG4122	Length	1	4
1572	ECA1545	Length	1	11
1573	QG4065	Length	1	6
1574	QG2900	Length	1	11
1575	NIC1681	Length	1	5
1576	ECA2636	Length	1	10
1577	JU1828	Length	1	4
1578	JU843	Length	1	6
1579	NIC1421	Length	1	6
1580	XZ1209	Length	1	5
1581	NIC876	Length	1	4
1582	JU2873	Length	1	4
1583	MY751	Length	1	6
1584	JU2868	Length	1	7
1585	QG869	Length	1	4
1586	ECA2671	Length	1	4
1587	ECA2639	Length	1	5
1588	BRC20295	Length	1	7
1589	ECA1169	Length	1	3
1590	NIC1528	Length	1	7
1591	NIC974	Length	1	4
1592	ECA2807	Length	1	4
1593	JU1344	Length	1	4
1594	JU2224	Length	1	6
1595	JU2583	Length	1	6
1596	QG2881	Length	1	8
1597	NIC911	Length	1	5
1598	QG4119	Length	1	3
1599	ECA2617	Length	1	4
1600	NIC400	Length	1	9
1601	ED3102	Length	1	6
1602	JU1257	Length	1	3
1603	JU2507	Length	1	4
1604	ECA2385	Length	1	4
